,singkatan,asli
0,abgny,abangnya
1,abis,habis
2,ad,ada
3,adek,adik
4,adik2,adik-adik
5,adik2ku,adik-adikku
6,adikny,adiknya
7,adiknyah,adiknya
8,adiku,adikku
9,adikya,adiknya
10,adilanya,adilannya
11,adill,adil
12,adknya,adiknya
13,adl,adalah
14,adlah,adalah
15,adlh,adalah
16,adminirtrasi,administrasi
17,administarasi,administrasi
18,administasi,administrasi
19,administrai,administrasi
20,administratror,administrator
21,admistrasi,administrasi
22,admnistrasi,administrasi
23,adnak,anak
24,advoksi,advokasi
25,adyminitrasi,administrasi
26,aeperti,seperti
27,afdapun,adapun
28,afimasi,afirmasi
29,aga,agak
30,agma,agama
31,agr,agar
32,ah0k,ahok
33,aj,saja
34,aja,saja
35,ajah,saja
36,ajalah,saja
37,aje,saja
38,ajh,saja
39,ak,aku
40,akhirmya,akhirnya
41,akhirna,akhirnya
42,akhirny,akhirnya
43,akhirya,akhirnya
44,akhr,akhir
45,akhrnya,akhirnya
46,akhry,akhirnya
47,akhrya,akhirnya
48,akiba,akibat
49,akibar,akibat
50,akibatx,akibat
51,akibt,akibat
52,akihrnya,akhirnya
53,akir2,akhir
54,akirnya,akhirnya
55,akitf,aktif
56,akn,akan
57,akomodir,akomodasi
58,akrditasi,akreditasi
59,akreditas,akreditasi
60,akrena,karena
61,akt,akta
62,akte,akta
63,aktenya,aktanya
64,akter,akta
65,akternatif,alternatif
66,aktifasi,aktivasi
67,aktifasinya,aktivasinya
68,aktifias,aktivitas
69,aktifis,aktivis
70,aktifitas,aktivitas
71,aktifitaspengerjaan,aktivitas pengerjaan
72,aktiftas,aktivitas
73,aktip,aktif
74,aktipitas,aktivitas
75,aktivsi,aktivasi
76,aku,saya
77,alaasn,alasan
78,alalamat,alamat
79,alama,alamat
80,alamaku,alamatku
81,alamamat,alamat
82,alamatna,alamatnya
83,alamatny,alamatnya
84,alamt,alamat
85,alamtnya,alamatnya
86,alanat,alamatnya
87,alangakah,alangkah
88,alangka,alangkah
89,alasa,alasan
90,alasaan,alasan
91,alasaannya,alasannya
92,alasane,alasan
93,alasanx,alasan
94,alasanya,alasannya
95,alasanyajl,alasannya
96,alasn,alasan
97,alasnya,alasannya
98,alassan,alasan
99,alassannm,alasan
100,alatm,alat
101,alesan,alasan
102,almamat,alamat
103,almarhm,almarhum
104,almarhumah,almarhum
105,almat,alamat
106,almh,almarhum
107,almhum,almarhum
108,almt,alamat
109,almta,alamat
110,almtny,alamatnya
111,almtnya,alamatnya
112,almtx,alamat
113,alngkah,alangkah
114,alnjutnya,selanjutnya
115,alon2,calon
116,alsan,alasan
117,alsannya,alasannya
118,alsanx,alasan
119,alsn,alasan
120,alsnnya,alasannya
121,alsnya,alasannya
122,alumnium,aluminium
123,ambilny,ambilnya
124,ambily,ambilnya
125,ambl,ambil
126,amblnya,ambilnya
127,ambuk,ambruk
128,ambulan,ambulans
129,ambulancea,ambulans
130,amen,amen
131,amengalami,mengalami
132,america,amerika
133,amet,sangat
134,amiin,amin
135,ampai,sampai
136,ampe,sampai
137,amplopmya,amplopnya
138,ancur,hancur
139,ane,saya
140,anget,hangat
141,anakx,anak
142,anaky,anaknya
143,anakya,anaknya
144,ancur,hancur
145,angg0ta,anggota
146,anggkot,angkot
147,anggotta,anggota
148,anggp,anggap
149,anggt,anggota
150,anggta,anggota
151,angkmutan,angkutan
152,angkor,angkot
153,angkots,angkot
154,angkt,angkota
155,angktn,angkutan
156,angktnya,angkutannya
157,angkuatn,angkutan
158,angkutam,angkutan
159,angkutn,angkutan
160,angrn,anggaran
161,anjurn,anjuran
162,anknya,anak
163,ankot,angkot
164,anku,anakku
165,antr,antara
166,antra,antara
167,antran,antiran
168,antre,antri
169,antrean,antrian
170,antreannya,antriannya
171,antrenya,antrinya
172,ap,apa
173,apabula,apabila
174,apadahal,padahal
175,apah,apa
176,apahkah,apakah
177,apain,apakan
178,apak,apa
179,apaka,apakah
180,apakaah,apakah
181,apakaha,apakah
182,apakahh,apakah
183,apakakah,apakah
184,apakh,apakah
185,apalagiq,apalagi
186,apalagir,apalagi
187,apalagmi,apalagi
188,apalg,apalagi
189,apalgi,apalagi
190,apap,apapun
191,apapu,apapun
192,aparatny,aparatnya
193,aparaty,aparatnya
194,apartemen2,apartemen
195,apartement,apartemen
196,apartemet,apartemen
197,apartmen,apartemen
198,apartment,apartemen
199,apartrment,apartemen
200,apatkanya,dapatkannya
201,apbila,apabila
202,apbla,apabila
203,apdahal,padahal
204,aperatur,aparatur
205,aperhatikan,perhatikan
206,apk,apakah
207,apka,apakah
208,apkah,apakah
209,apkh,apakah
210,aplg,apalagi
211,aplgi,apalagi
212,apo,apa
213,aporan,laporan
214,apotik,apotek
215,apotiknya,apoteknya
216,apotk,apotek
217,appa,apa
218,appun,apapun
219,aprarat,aparat
220,aprat,aparat
221,apratur,aparatur
222,apresia,apresiasi
223,apresiai,apresiasi
224,apresinya,apresiasinya
225,aprl,april
226,aprt,aparatur
227,aprtemen,apartemen
228,apsen,absen
229,aq,saya
230,aqar,agar
231,araha,arahan
232,arahn,arahan
233,argument,argumen
234,arh,arah
235,asangat,sangat
236,asesor,aksesoris
237,asesoris,aksesoris
238,asesorisnya,aksesorisnya
239,asetiap,setiap
240,asik,asyik
241,asikin,asyik
242,asliya,aslinya
243,asosoris,aksesoris
244,aspxsetelah,setelah
245,asset,aset
246,assetnya,asetnya
247,ataau,atau
248,asek,asik
249,ati2,hati-hati
250,atit,sakit
251,ato,atau
252,atu,atau
253,atw,atau
254,ayang,sayang
255,ayuk,ayo
256,bae,baik
257,bagaimmana,bagaimana
258,bagaimn,bagaimana
259,bagaimna,bagaimana
260,bagaina,bagaimana
261,bagamaina,bagaimana
262,bagaman,bagaimana
263,bagamana,bagaimana
264,bagamna,bagaimana
265,bagay,bagaimana
266,bagaymana,bagaimana
267,bagaymna,bagaimana
268,bagi2,bagi-bagi
269,bagi2x,bagi-bagi
270,bagiat,bagian
271,bgian,bagian
272,bagika,bagikan
273,bagikn,bagikan
274,bagiman,bagaimana
275,bagimana,bagaimana
276,bagimna,bagaimana
277,baginy,baginya
278,bags,bagus
279,baguaimana,bagaimana
280,bagunan,bangunan
281,bagus2,bagus-bagus
282,bahkan0,bahkan
283,bahklan,bahkan
284,bahkn,bahkan
285,bahua,bahwa
286,bahw,bahwa
287,bahwah,bahwa
288,baimana,bagaimana
289,bakalan,akan
290,balekkn,kembalikan
291,bales,balas
292,balikan,balikkan
293,banget,sekali
294,bangett,sangat
295,bany,banyak
296,banyakin,perbanyak
297,banya,banyak
298,banyk,banyak
299,banyaak,banyak
300,barengan,bersamaan
301,baso,bakso
302,bcs,bisa
303,bct,bicara
304,bdan,badan
305,bdg,bandung
306,bdn,badan
307,becanda,bercanda
308,bedua,berdua
309,bego,bodoh
310,bekel,bekal
311,belom,belum
312,belon,belum
313,bener,benar
314,bener2,benar-benar
315,beneran,benar
316,berantem,bertengkar
317,berenti,berhenti
318,bete,sebal
319,bg,bagi
320,bgd,sangat
321,bget,sangat
322,bgi,bagi
323,bgini,begini
324,bgitu,begitu
325,bgks,bungkus
326,bgm,bagaimana
327,bgmn,bagaimana
328,bgn,bangun
329,bgt,sangat
330,bgtu,begitu
331,bgus,bagus
332,bhn,bahan
333,bhs,bahas
334,bhw,bahwa
335,bhwa,bahwa
336,bhy,bahaya
337,bj,baju
338,bju,baju
339,bk,buku
340,bkan,bukan
341,bkin,bikin
342,bkl,bakal
343,bkn,bukan
344,bkr,bakar
345,bks,bungkus
346,bl,beli
347,blajar,belajar
348,blg,bilang
349,blh,boleh
350,bli,beli
351,blik,balik
352,bljr,belajar
353,blk,balik
354,blkg,belakang
355,blkng,belakang
356,blkang,belakang
357,blkngny,belakangnya
358,blm,belum
359,bln,bulan
360,blng,bilang
361,blngn,bilang
362,blom,belum
363,bls,balas
364,blum,belum
365,bndg,bandung
366,bndr,bandar
367,bner,benar
368,bneran,benar
369,bnget,sangat
370,bngks,bungkus
371,bngng,bingung
372,bngt,sangat
373,bngun,bangun
374,bnr,benar
375,bnrbnr,benar-benar
376,bnrn,benar
377,bntar,sebentar
378,bntr,sebentar
379,bnyak,banyak
380,bnyk,banyak
381,bnykny,banyaknya
382,bobo,tidur
383,bobok,tidur
384,bokap,ayah
385,bole,boleh
386,boong,bohong
387,bosen,bosan
388,bpk,bapak
389,br,baru
390,brangkat,berangkat
391,brani,berani
392,brapa,berapa
393,brarti,berarti
394,bras,beras
395,brasa,berasa
396,brg,barang
397,brgkt,berangkat
398,brhsl,berhasil
399,brjln,berjalan
400,brkfst,breakfast
401,brkt,berangkat
402,brmslh,bermasalah
403,brngkt,berangkat
404,brp,berapa
405,brpa,berapa
406,brrti,berarti
407,brs,beres
408,brshbt,bersahabat
409,brsm,bersama
410,brthn,bertahan
411,brtmn,berteman
412,brtny,bertanya
413,bru,baru
414,bs,bisa
415,bsa,bisa
416,bsk,besok
417,bsok,besok
418,bsr,besar
419,btg,batang
420,bth,butuh
421,btl,betul
422,btul,betul
423,buad,buat
424,buatin,buatkan
425,bw,bawa
426,bwa,bawa
427,bwh,bawah
428,bwt,buat
429,byk,banyak
430,bynk,banyak
431,byr,bayar
432,cakep,cakap
433,cape,capai
434,capek,capai
435,cb,coba
436,cepet,cepat
437,cewe,cewek
438,ckp,cukup
439,ckrg,sekarang
440,ckup,cukup
441,cm,cuma
442,cma,cuma
443,cman,hanya
444,cmn,hanya
445,cmpk,cempaka
446,cowo,cowok
447,cpat,cepat
448,cpet,cepat
449,cpt,cepat
450,cptn,cepatan
451,cra,cara
452,crt,cerita
453,cth,contoh
454,cuman,hanya
455,cw,cewek
456,cwe,cewek
457,cwo,cowok
458,d,di
459,dah,sudah
460,dalem,dalam
461,dalm,dalam
462,dapet,dapat
463,dapetin,mendapatkan
464,dateng,datang
465,dblg,dibilang
466,dblkng,dibelakang
467,dbls,dibalas
468,dbwt,dibuat
469,dbyr,dibayar
470,denger,dengar
471,dftr,daftar
472,dg,dengan
473,dgan,dengan
474,dgn,dengan
475,dgr,dengar
476,dksh,dikasih
477,dkt,dekat
478,dl,dulu
479,dlm,dalam
480,dlrng,dilarang
481,dlu,dulu
482,dluan,duluan
483,dmana,dimana
484,dmkn,dimakan
485,dmn,dimana
486,dmna,dimana
487,dmnmn,dimana-mana
488,dmny,dimananya
489,dn,dan
490,dng,dengan
491,dngan,dengan
492,dngar,dengar
493,dnger,dengar
494,dngerin,dengar
495,dngn,dengan
496,dngr,dengar
497,doang,saja
498,doank,saja
499,donlot,download
500,doyan,suka
501,dpan,depan
502,dpet,dapat
503,dpk,depok
504,dpkrkn,dipikirkan
505,dpn,depan
506,dtg,datang
507,dtgny,datangnya
508,dtmbh,ditambah
509,elo,kamu
510,emang,memang
511,emangnya,memangnya
512,emank,memang
513,emg,memang
514,emng,memang
515,engga,tidak
516,enggak,tidak
517,enk,enak
518,entar,nanti
519,ente,anda
520,faham,paham
521,fb,facebook
522,g,tidak
523,ga,tidak
524,gbr,gambar
525,gdg,gudang
526,gembel,jelek
527,gilak,gila
528,gile,gila
529,gitu,begitu
530,gituan,begitu
531,gituh,begitu
532,gk,tidak
533,gmana,bagaimana
534,gmbr,gambar
535,gmn,bagaimana
536,gmna,bagaimana
537,gmpg,gampang
538,gmpng,gampang
539,gratisan,gratis
540,gt,begitu
541,gtu,begitu
542,hbs,habis
543,hbskn,habiskan
544,hlang,hilang
545,hlg,hilang
546,hlm,halaman
547,hlmn,halaman
548,hny,hanya
549,hnya,hanya
550,hr,hari
551,hrap,harap
552,hrg,harga
553,hrgny,harganya
554,hri,hari
555,hrp,harap
556,hrs,harus
557,hrsny,harusnya
558,hrus,harus
559,hti,hati
560,hy,hai
561,iansia,lansia
562,idup,hidup
563,ilang,hilang
564,inget,ingat
565,ingetin,ingatkan
566,ingt,ingat
567,isteri,istri
568,istrht,istirahat
569,it,itu
570,item,hitam
571,itumah,itu
572,iy,iya
573,iyoo,iya
574,jadiin,jadi
575,jatoh,jatuh
576,jd,jadi
577,jdi,jadi
578,jdny,jadinya
579,jdnya,jadinya
580,jdwl,jadwal
581,jem,jam
582,jg,juga
583,jga,juga
584,jgan,jangan
585,jglh,jagalah
586,jgn,jangan
587,jgnjgn,jangan-jangan
588,jk,jika
589,jkrt,jakarta
590,jkrta,jakarta
591,jkarta,jakarta
592,jkt,jakarta
593,jl,jalan
594,jln,jalan
595,jm,jam
596,jmbtn,jembatan
597,jml,jumlah
598,jmlh,jumlah
599,jmpt,jemput
600,jmt,jumat
601,jng,jangan
602,jngan,jangan
603,jngn,jangan
604,jpn,jepang
605,jrg,jarang
606,jrng,jarang
607,jt,juta
608,jwb,jawab
609,jwban,jawab
610,jwbn,jawaban
611,jwbny,jawabannya
612,k,ke
613,kagak,tidak
614,kalee,kali
615,kalo,kalau
616,kalu,kalau
617,kampng,kampung
618,karna,karena
619,karoke,karaoke
620,kasian,kasihan
621,kau,kamu
622,kayak,mirip
623,kayanya,kayaknya
624,kbnykn,kebanyakan
625,kbr,kabar
626,kbtln,kebetulan
627,kbykn,kebanyakan
628,kcil,kecil
629,kcl,kecil
630,kcmatan,kecamatan
631,kcmtn,kecamatan
632,kecakepan,kecakapan
633,keknya,sepertinya
634,kel,kelurahan
635,kelaperan,kelaparan
636,kelar,selesai
637,keliatan,kelihatan
638,kenceng,kencang
639,kepengen,ingin
640,kepla,kepala
641,kesampean,kesampaian
642,kesel,kesal
643,kesian,kasihan
644,ketawa,tertawa
645,keujanan,kehujanan
646,kga,tidak
647,kgak,tidak
648,kgk,tidak
649,khabar,kabar
650,khan,kan
651,khsny,khususnya
652,khwtr,khawatir
653,kl,kalau
654,klau,kalau
655,klh,kalah
656,kli,kali
657,klmpk,kelompok
658,klo,kalau
659,klp,kelompok
660,klrg,keluarga
661,kls,kelas
662,klu,kalau
663,kluar,keluar
664,kluarg,keluarga
665,kluarga,keluarga
666,klurahan,kelurahan
667,klurga,keluarga
668,klurganya,keluarganya
669,klurhan,kelurahan
670,klw,kalau
671,km,kamu
672,kmaren,kemarin
673,kmarin,kemarin
674,kmi,kami
675,kmn,kemana
676,kmna,kemana
677,kmlpks,kompleks
678,kmps,kamus
679,kmr,kamar
680,kmr,kemarin
681,kmren,kemarin
682,kmrin,kemarin
683,kmrn,kemarin
684,kmu,kamu
685,kn,kan
686,kna,kena
687,knapa,kenapa
688,knl,kenal
689,knp,kenapa
690,knpa,kenapa
691,kntr,kantor
692,knyng,kenyang
693,komp,kompleks
694,komplek,kompleks
695,konsen,konsentrasi
696,koq,kok
697,kosan,kost
698,kowe,kamu
699,kp,kampung
700,kpala,kepala
701,kpan,kapan
702,kpd,kepada
703,kpg,kampung
704,kpgn,ingin
705,kpla,kepala
706,kpn,kapan
707,kpngn,ingin
708,krena,karena
709,kreta,kereta
710,krn,karena
711,krna,karena
712,krng,kurang
713,krnnya,karenanya
714,krupuk,kerupuk
715,krta,kereta
716,krtu,kartu
717,ksh,kasih
718,ksian,kasihan
719,ksih,kasih
720,ksmptn,kesempatan
721,ksn,kesana
722,kt,kita
723,kta,kita
724,ktdrn,ketiduran
725,ktny,katanya
726,ktnya,katanya
727,ktr,kantor
728,ku,aku
729,kuatir,khawatir
730,kyak,seperti
731,kyaknya,sepertinya
732,kyanya,sepertinya
733,kyk,seperti
734,laen,lain
735,lagian,lagi
736,langsng,langsung
737,laper,lapar
738,lb,lembar
739,lbh,lebih
740,lbih,lebih
741,lemes,lemas
742,lg,lagi
743,lgi,lagi
744,lgkp,lengkap
745,lgs,langsung
746,lgsg,langsung
747,lgsng,langsung
748,lgsung,langsung
749,liatin,lihat
750,lm,lama
751,lmyn,lumayan
752,lngkp,lengkap
753,lngsg,langsung
754,lngsng,langsung
755,lngsung,langsung
756,lnjt,lanjut
757,lnsg,langsung
758,lnsng,langsung
759,lo,kamu
760,loe,kamu
761,lpngn,lapangan
762,lpr,lapar
763,lsg,langsung
764,lu,kamu
765,lvl,level
766,lwt,lewat
767,makn,makan
768,malem,malam
769,malem2,malam-malam
770,mampet,mampat
771,mane,mana
772,maneh,mana
773,manggil,panggil
774,mano,mana
775,mantep,mantap
776,masala,masalah
777,masalh,masalah
778,masakin,masakan
779,maslh,masalah
780,mat,selamat
781,mateng,matang
782,mdgn,baikan
783,mdh,mudah
784,mdpt,mendapat
785,mesen,pesan
786,met,selamat
787,mf,maaf
788,mgkn,mungkin
789,mhon,mohon
790,mhn,mohon
791,mhs,mahasiswa
792,mhsw,mahasiswa
793,mikirin,memikirkan
794,milih,pilih
795,minjem,pinjam
796,miskn,miskin
797,mk,maka
798,mka,maka
799,mkan,makan
800,mkanan,makanan
801,mkanya,makanya
802,mkn,makan
803,mksdny,maksudnya
804,mksdnya,maksudnya
805,mksdq,maksudku
806,mlh,malah
807,mlm,malam
808,mls,malas
809,mmg,memang
810,mn,mana
811,mna,mana
812,mndapapt,mendapat
813,mndapat,mendapat
814,mndapatkan,mendapatkan
815,mndaptkan,mendapatkan
816,mndaptkn,mendapatkan
817,mndptkn,mendapatkan
818,mndptkan,mendapatkan
819,mng,menang
820,mngkin,mungkin
821,mngkn,mungkin
822,mnrt,menurut
823,mnt,minta
824,mnta,minta
825,mntp,mantap
826,mnum,minum
827,mnyngkn,menyenangkan
828,mo,mau
829,moga,semoga
830,mosok,masa
831,mreka,mereka
832,mrh,marah
833,mrk,mereka
834,msalah,masalah
835,msalh,masalah
836,msg,masing
837,msh,masih
838,msih,masih
839,msk,masuk
840,mskn,miskin
841,mskin,miskin
842,msl,misal
843,mslh,masalah
844,mslah,masalah
845,msti,harus
846,muke,muka
847,mulu,terus
848,mungkn,mungkin
849,musti,harus
850,mw,mau
851,nabung,tabung
852,naek,naik
853,nahan,tahan
854,nambah,tambah
855,nanya,tanya
856,napa,kenapa
857,ndak,tidak
858,ndk,tidak
859,negri,negeri
860,nelen,telan
861,nemenin,menemani
862,nemu,temu
863,nengok,tengok
864,ngadain,mengadakan
865,ngajak,mengajak
866,ngajar,ajar
867,ngak,tidak
868,ngakak,terbahak-bahak
869,ngambek,marah
870,ngambil,ambil
871,nganter,antar
872,nganterin,antar
873,ngarep,mengharap
874,ngasi,kasih
875,ngasih,kasih
876,ngegosip,gosip
877,ngeliatin,melihat
878,ngeluh,keluh
879,ngerasa,merasa
880,ngerasain,merasakan
881,ngerjain,mengerjakan
882,ngerokok,merokok
883,ngetik,ketik
884,ngga,tidak
885,nggak,tidak
886,nggk,tidak
887,ngidam,idam
888,ngikutin,ikuti
889,ngilangin,menghilangkan
890,nginep,menginap
891,ngingetin,mengingatkan
892,ngjk,mengajak
893,ngk,tidak
894,ngmbl,mengambil
895,ngmg,omong
896,ngobrol,bicara
897,ngomong,bicara
898,ngomongin,membicarakan
899,ngunyah,kunyah
900,ngurus,urus
901,ninggalin,tinggalkan
902,nmbh,tambah
903,nmny,namanya
904,nmpk,nampak
905,nmr,nomor
906,nnti,nanti
907,nntn,nonton
908,nnton,nonton
909,no,nomor
910,nomer,nomor
911,nolak,tolak
912,nraktir,traktir
913,ntah,entah
914,ntar,nanti
915,nti,nanti
916,ntn,nonton
917,nton,nonton
918,ntr,nanti
919,ntu,itu
920,nungguin,tunggu
921,ny,nya
922,nyakitin,menyakiti
923,nyalain,nyalakan
924,nyampe,sampai
925,nyangka,sangka
926,nyantai,santai
927,nyari,cari
928,nyebelin,menyebalkan
929,nyesek,sesak
930,nyesel,menyesal
931,nyetel,setel
932,nyiksa,menyiksa
933,nyoba,coba
934,nyobain,coba
935,nyuci,cuci
936,nyuruh,suruh
937,nyusul,susul
938,okeh,baik
939,ol,online
940,olh,oleh
941,org,orang
942,org2,orang-orang
943,orng,orang
944,ortu,orangtua
945,pa,bapak
946,pak,bapak
947,pait,pahit
948,pake,pakai
949,pakek,pakai
950,pantesan,pantas
951,pcr,pacar
952,pcrn,pacaran
953,pcrny,pacarnya
954,pd,pada
955,pdahal,padahal
956,pdhal,padahal
957,pdhl,padahal
958,pedes,pedas
959,pengin,ingin
960,pesen,pesan
961,pg,pergi
962,pgen,ingin
963,pgn,ingin
964,phk,pihak
965,phak,pihak
966,pihk,pihak
967,pilem,film
968,pingin,ingin
969,pinjem,pinjam
970,pinter,pintar
971,pkai,pakai
972,pke,pakai
973,plg,pulang
974,plis,tolong
975,pling,paling
976,pljrn,pelajaran
977,plng,pulang
978,pndh,pindah
979,pngen,ingin
980,pngn,ingin
981,pnjng,panjang
982,pnting,penting
983,pntng,penting
984,pny,punya
985,pnya,punya
986,pokonya,pokoknya
987,praktek,praktik
988,prasaan,perasaan
989,prgi,pergi
990,prmhn,perumahan
991,prmptn,perempatan
992,prnah,pernah
993,prnh,pernah
994,propinsi,provinsi
995,prthnkn,pertahankan
996,prvinsi,provinsi
997,psg,pasang
998,psng,pasang
999,psr,pasar
1000,psti,pasti
1001,ptg,penting
1002,punye,punya
1003,puter,putar
1004,puterin,putar
1005,qt,kita
1006,qta,kita
1007,rada,agak
1008,rame,ramai
1009,rame2,ramai-ramai
1010,rmbt,rambut
1011,rmh,rumah
1012,rmhq,rumahku
1013,rsk,rusak
1014,saje,saja
1015,salh,salah
1016,sambel,sambal
1017,samo,sama
1018,sampe,sampai
1019,sape,siapa
1020,sbagai,sebagai
1021,sbelum,sebelum
1022,sbg,sebagai
1023,sbgai,sebagai
1024,sbl,sebelah
1025,sblh,sebelah
1026,sblhny,sebelahnya
1027,sblm,sebelum
1028,sblmny,sebelumnya
1029,sblmnya,sebelumnya
1030,sblum,sebelum
1031,sbnt,sebentar
1032,sbntr,sebentar
1033,sbr,sabar
1034,sbtr,sebentar
1035,scr,secara
1036,sdah,sudah
1037,sdang,sedang
1038,sdg,sedang
1039,sdgkn,sedangkan
1040,sdh,sudah
1041,sdikit,sedikit
1042,sdng,sedang
1043,sdngkn,sedangkan
1044,se0rang,seorang
1045,sebel,kesal
1046,sebenernya,sebenarnya
1047,seblm,sebelum
1048,segra,segera
1049,sekola,sekolah
1050,selamat,selamat
1051,selmat,selamat
1052,selow,sebentar
1053,semalem,semalam
1054,sembuhin,sembuhkan
1055,senen,senin
1056,seneng,senang
1057,serem,seram
1058,sesek,sesak
1059,sgala,segala
1060,sgr,segera
1061,sgera,segera
1062,sgra,segera
1063,sgt,sangat
1064,shbt,sahabat
1065,sihat,sehat
1066,sja,saja
1067,skali,sekali
1068,skalian,sekalian
1069,skit,sakit
1070,skitar,sekitar
1071,sklah,sekolah
1072,sklh,sekolah
1073,skola,sekolah
1074,skolah,sekolah
1075,skr,sekarang
1076,skrang,sekarang
1077,skrg,sekarang
1078,skrng,sekarang
1079,skt,sakit
1080,sktar,sekitar
1081,sktr,sekitar
1082,slah,salah
1083,slalu,selalu
1084,slama,selama
1085,slamat,selamat
1086,slamet,selamat
1087,slesai,selesai
1088,slg,saling
1089,slh,salah
1090,slhkn,salahkan
1091,sllu,selalu
1092,slm,salam
1093,slma,selama
1094,slmt,selamat
1095,sls,selesai
1096,sm,sama
1097,smangat,semangat
1098,smbg,sambung
1099,smbh,sembuh
1100,smbhyg,sembahyang
1101,smbil,sambil
1102,smbl,sambil
1103,smbng,sambung
1104,smbrg,sembarang
1105,smbuh,sembuh
1106,smcm,semacam
1107,smg,semoga
1108,smga,semoga
1109,smgt,semangat
1110,smlm,semalam
1111,smlmn,semalaman
1112,smngt,semangat
1113,smntr,sementara
1114,smoga,semoga
1115,smpai,sampai
1116,smpe,sampai
1117,smpt,sempat
1118,smua,semua
1119,smuanya,semuanya
1120,sndiri,sendiri
1121,sndri,sendiri
1122,sngt,sangat
1123,sni,sini
1124,soale,soalnya
1125,sodara,saudara
1126,sopo,siapa
1127,sorang,seorang
1128,sory,maaf
1129,spaya,supaya
1130,sperti,seperti
1131,spnjng,sepanjang
1132,sprt,seperti
1133,sprti,seperti
1134,sprtny,sepertinya
1135,spt,seperti
1136,sptny,sepertinya
1137,spy,supaya
1138,srg,sering
1139,sring,sering
1140,sta,stasiun
1141,stelah,setelah
1142,stgh,setengah
1143,stiap,setiap
1144,stlh,setelah
1145,stngh,setengah
1146,supay,supaya
1147,sy,saya
1148,sya,saya
1149,syg,sayang
1150,sygny,sayangnya
1151,syng,sayang
1152,tapi,tetapi
1153,tggl,tanggal
1154,tangal,tanggal
1155,tau,tahu
1156,taunya,tahunya
1157,td,tadu
1158,tdak,tidak
1159,tdi,tadi
1160,tdk,tidak
1161,tdny,tadinya
1162,tdr,tidur
1163,tdur,tidur
1164,telor,telur
1165,telpon,telepon
1166,temen,teman
1167,temen2,teman-teman
1168,temenin,temani
1169,tetep,tetap
1170,tggu,tunggu
1171,tgh,tengah
1172,tgl,tanggal
1173,tgn,tangan
1174,tgs,tugas
1175,tlg,tolong
1176,tlh,telah
1177,tlng,tolong
1178,tlong,tolong
1179,tlp,telepon
1180,tlpn,telepon
1181,tmbah,tambah
1182,tmbh,tambah
1183,tmen,teman
1184,tmn,teman
1185,tmpat,tempat
1186,tmpt,tempat
1187,tmsk,termasuk
1188,tnggal,tanggal
1189,tnpa,tanpa
1190,tny,ternyata
1191,tnya,tanya
1192,tnyt,ternyata
1193,tolng,tolong
1194,tolog,tolong
1195,tp,tetapi
1196,trdpt,terdapat
1197,trgntng,tergantung
1198,trkdng,terkadang
1199,trkhr,terakhir
1200,trjadi,terjadi
1201,trjd,terjadi
1202,trjdi,terjadi
1203,trlalu,terlalu
1204,trima,terima
1205,trmsk,termasuk
1206,trn,turun
1207,trnsfr,transfer
1208,trnyata,ternyata
1209,trnyt,ternyata
1210,trs,terus
1211,trsbt,tersebut
1212,trsrh,terserah
1213,trun,turun
1214,trus,terus
1215,tsb,tersebut
1216,tsbt,tersebut
1217,ttapi,tetapi
1218,ttd,tertanda
1219,ttep,tetap
1220,ttg,tentang
1221,ttp,tetap
1222,tu,itu
1223,ubat,obat
1224,ud,sudah
1225,uda,sudah
1226,udah,sudah
1227,udeh,sudah
1228,udh,sudah
1229,ujan2an,hujan-hujanan
1230,untk,untuk
1231,unyuk,untuk
1232,utk,untuk
1233,waduh,aduh
1234,wkt,waktu
1235,wktu,waktu
1236,warg,warga
1237,wilyah,wilayah
1238,wilaya,wilayah
1239,wlyah,wilayah
1240,wlyh,wilayah
1241,wlayah,wilayah
1242,wrg,warga
1243,wrga,warga
1244,adalahnama,adalah nama
1245,adalahapakah,adalah apakah
1246, adalahkenapa,adalah kenapa
1247,adilterima, adil terima
1248,adkan,adakan
1249,adkny,adiknya
1250,adalahsetiap,adalah setiap
1251,adalahsurat,adalah surat
1252,adalh,adalah
1253,adilmakmur,adil makmur
1254,adiln,adilnya
1255,adilsaya,adil saya
1256,adilterima,adil terima
1257,adkan,adakan
1258,adkny,adiknya
1259,adminsaya,admin saya
1260,admintolong,admin tolong
1261,aduankonten,aduan konten
1262,agarmelakukan,agar melakukan
1263,agarwaktunya,agar waktunya
1264,aiskrim ,es krim
1265,aktetapi,akan tetapi
1266,alasannama,alasan nama
1267,alasannyadari,alasannya dari
1268,ambilkps,ambil kps
1269,anakalamat,anak alamat
1270,anakmasihsekolah,anak masih sekolah
1271,anaksklh,anak sekolah
1272,anakyg,anak yang
1273,ank2,anak-anak
1274,ankyg,anak yang
1275,apakahtidak,apakah tidak
1276,bagiharta,bagi harta
1277,bb,berat badan
1278,anaksma,anak sma
1279,anakkami,anak kami
1280,bgntdr,bangun tidur
1281,dibelakang,di belakang
1282,didepan,di depan
1283,dikantor,di kantor
1284,dikelurahan,di kelurahan
1285,didesa,di desa
1286,didusun,di dusun
1287,dimanapun,di mana pun
1288,dimana,di mana
1289,dirmh,di rumah
1290,disekitar,di sekitar
1291,disekitarnya,di sekitarnya
1292,djkt,di jakarta
1293,djl,di jalan
1294,djln,di jalan
1295,dkls,di kelas
1296,dkntr,di kantor
1297,dkmr,di kamar
1298,dkmps,di kampus
1299,dll,dan lain lain
1300,dpnrmh,depan rumah
1301,drg,dokter gigi
1302,drmh,di rumah
1303,dsb,dan sebagainya
1304,dsblh,di sebelah
1305,dsklh,di sekolah
1306,dst,dan seterusnya
1307,dsni,di sini
1308,dtmpt,di tempat
1309,gaada,tidak ada
1310,gabisa,tidak bisa
1311,gaboleh,tidak boleh
1312,gada,tidak ada
1313,gaenak,tidak enak
1314,gajadi,tidak jadi
1315,gajelas,tidak jelas
1316,gak,tidak
1317,gakuat,tidak kuat
1318,gamasuk,tidak masuk
1319,gamau,tidak mau
1320,gapake,tidak pakai
1321,gapapa,tidak apa-apa
1322,gapernah,tidak pernah
1323,gapunya,tidak punya
1324,gasuka,tidak suka
1325,gausah,tidak usah
1326,gpny,tidak punya
1327,gpp,tidak apa-apa
1328,gprnh,tidak pernah
1329,gr2,gara-gara
1330,gtw,tidak tahu
1331,gws,get well soon
1332,harini,hari ini
1333,hbd,happy birthday
1334,kdpn,ke depan
1335,kemana,ke mana
1336,kk,kartu keluarga
1337,krmh,ke rumah
1338,ktmpt,ke tempat
1339,maaci,terima kasih
1340,maacih,terima kasih
1341,makasi,terima kasih
1342,makana,karena itu
1343,makasii,terima kasih
1344,makasiih,terima kasih
1345,makasich,terima kasih
1346,makasihh,terima kasih
1347,makasih,terima kasih
1348,makasihhh,terima kasih
1349,malming,malam minggu
1350,mdg,lebih baik
1351,mendingan,lebih baik
1352,mkny,maka itu
1353,mksh,terima kasih
1354,mksih,terima kasih
1355,mndg,lebih baik
1356,mndgn,lebih baik
1357,mnding,lebih baik
1358,nasgor,nasi goreng
1359,ngmps,ke kampus
1360,ngntr,ke kantor
1361,pemprov,pemerintah provinsi
1362,pemrov,pemerintah provinsi
1363,ri,republik indonesia
1364,trimakasih,terima kasih
1365,terimakasih,terima kasih
1366,thanks,terima kasih
1367,thnx,terima kasih
1368,thx,terima kasih
1369,tq,terima kasih
1370,trims,terima kasih
1371,trmksh,terima kasih
1372,tumben,tidak biasa
1373,yaudh,ya sudah
1374,yg,yang
1375,yng,yang
1376,ywdh,ya sudah
1377,ank2nya,anak-anaknya
1378,dikecamatan,di kecamatan
1379,administrsi,administrasi
1380,adminitrasi,administrasi
1381,adminstrasi,administrasi
1382,admisnistrasinya,administrasinya
1383,adny,adanya
1384,adnya,adanya
1385,agar2,agar-agar
1386,agara,agar
1387,agency,agensi
1388,aggota,anggota
1389,ai'rnya,airnya
1390,aimana,bagaimana
1391,akteu,akta
1392,akteunya,aktanya
1393,alasannja,alasannya
1394,alumunium,aluminium
1395,ambii,ambil
1396,ank,anak
1397,anakny,anaknya
1398,anaku,anakku
1399,analisa,analisis
1400,ancman,ancaman
1401,anjuti,lanjuti
1402,ank,anak
1403,ankku,anakku
1404,ankn,anakkan
1405,ankutan,angkutan
1406,annggota,anggota
1407,apakaht,apakah
1408,apakak,apakah
1409,bagiin,bagikan
1410,bagiinnya,bagiannya
1411,bbrp,beberapa
1412,bc,baca
1413,bgni,begini
1414,bgs,bagus
1415,dgrn,dengarin
1416,dh,deh
1417,didenger,didengar
1418,didengerin,didengarkan
1419,diem,diam
1420,dikit,sedikit
1421,dipake,dipakai
1422,ditemenin,ditemani
1423,dituker,ditukar
1424,dkat,dekat
1425,dket,dekat
1426,dlam,dalam
1427,dlem,dalem
1428,dpt,dapat
1429,dr,dari
1430,drh,darah
1431,dri,dari
1432,drmn,darimana
1433,drpd,daripada
1434,dsa,desa
1435,dsini,disini
1436,dsn,dusun
1437,dsun,dusun
1438,dtng,datang
1439,dy,dia
1440,gak,tidak
1441,galo,galau
1442,garem,garam
1443,gatel,gatal
1444,gawe,kerja
1445,gni,begini
1446,gnti,ganti
1447,gua,saya
1448,gue,saya
1449,gw,saya
1450,hadeh,aduh
1451,hapal,hafal
1452,harp,harap
1453,hbis,habis
1454,hbng,hubungi
1455,kebawa,terbawa
1456,kec,kecamatan
1457,kemaren,kemarin
1458,kenape,kenapa
1459,kirimin,kirimkan
1460,kite,kita
1461,krg,kurang
1462,krja,kerja
1463,ktemu,ketemu
1464,ktmu,ketemu
1465,maap,maaf
1466,maen,main
1467,make,pakai
1468,malh,malah
1469,mamam,makan
1470,mcm,macam
1471,mct,macet
1472,melulu,selalu
1473,merhatiin,memperhatikan
1474,mknan,makanan
1475,mksd,maksud
1476,mlah,malah
1477,mndgr,mendengar
1478,mndi,mandi
1479,mndapa,mendapat
1480,napas,nafas
1481,nape,kenapa
1482,ngmng,berbicara
1483,ngmpl,berkumpul
1484,ngntk,mengantuk
1485,ngobatin,obati
1486,pegi,pergi
1487,rasane,rasanya
1488,rb,ribu
1489,teros,terus
1490,th,tahun
1491,thd,terhadap
1492,thdp,terhadap
1493,thn,tahun
1494,tipi,tv
1495,tkut,takut
1496,tpt,tepat
1497,tpi,tetapi
1498,trm,terima
1499,tukeran,tukar
1500,tw,tahu
1501,yup,ya
1502,oprasi,operasi
